Feature,Name,Type,Use Case,Classes,Key Methods,Sequence Diagram,Design Pattern(s),Priority
F01,Candidate Profile & Verified Facts,Deterministic,UC01,ProfilePage; ProfileAPI; CandidateService; CandidateProfile; ProfileFact; CandidateRepository,CandidateService.updateProfile(); CandidateService.addFact(); CandidateService.verifyFacts(); ProfileFact.verify(); CandidateProfile.getVerifiedFacts(); CandidateRepository.saveFacts(),SD01,Repository (architectural),Tier 1
F02,Resume Import & AI Fact Extraction,Hybrid,UC02,ProfilePage; ProfileAPI; CandidateService; ResumeParser; LLMClient; StorageService; TaskQueue; CandidateRepository,ProfilePage.uploadResume(); CandidateService.importResume(); CandidateService.parseResume(); ResumeParser.extractText(); ResumeParser.extractFacts(); LLMClient.generateStructured(),SD01,Facade (LLMClient); Adapter (LLMProvider),Tier 1
F03,Career Goal & Strategy Configuration,Deterministic,UC03,ProfilePage; ProfileAPI; CandidateService; CareerGoal; StrategyWeights; MatchingService; MatchScoringStrategy,CandidateService.updateCareerGoal(); CareerGoal.toStrategyKey(); MatchingService.selectStrategy(),SD01,Strategy,Tier 1
F04,Browser-Extension Batch Job Import,Deterministic,UC04,ExtensionPopup; ContentScript; SiteExtractor; YorkExtractor; ExtensionServiceWorker; JobImportAPI; JobImportService; JobSourceRegistry; YorkBrowserImportAdapter; ImportBatch; TaskQueue; BackgroundWorker,ContentScript.detectPostings(); YorkExtractor.extractList(); ExtensionServiceWorker.sendBatch(); JobImportAPI.createBatch(); JobImportService.createBatch(); JobSourceRegistry.getAdapter(); YorkBrowserImportAdapter.parse(); JobImportService.processBatch(); ImportBatch.progress(),SD02,Adapter; Observer (JobsImportedEvent),Tier 1
F05,Manual Job Import (paste / file),Hybrid,UC05,JobsPage; JobImportAPI; JobImportService; ManualJobImportAdapter; MockJobSourceAdapter; LLMClient,JobsPage.pasteJob(); JobImportAPI.importManual(); JobImportService.importManual(); ManualJobImportAdapter.parse(); LLMClient.generateStructured(),SD03,Adapter; Facade,Tier 1
F06,Job Normalization & Duplicate Detection,Deterministic,UC06,JobNormalizer; DuplicateDetector; JobPosting; JobRepository; ImportBatch,JobNormalizer.normalize(); JobPosting.computeFingerprint(); DuplicateDetector.findDuplicate(); JobRepository.findByExternalId(); JobRepository.findByFingerprint(); JobPosting.mergeFrom(); ImportBatch.recordResult(),SD02; SD03,Repository (architectural),Tier 1
F07,AI Job Description Analysis,AI,UC07,JobDetailPage; JobAPI; JobAnalysisService; JobAnalysis; LLMClient; LLMProvider; PromptRegistry; ResponseValidator; UsageTracker,JobAPI.analyzeJob(); JobAnalysisService.analyzeJob(); LLMClient.generateStructured(); LLMProvider.complete(); ResponseValidator.validate(); UsageTracker.checkBudget(),SD04,Facade; Adapter,Tier 1
F08,Candidate-Job Matching & Skill-Gap Analysis,Hybrid,UC07,MatchingService; ContextBuilder; MatchScoringStrategy; CoopInternshipStrategy; EntryLevelStrategy; CareerSwitchStrategy; JobMatch; JobRepository,MatchingService.matchJob(); ContextBuilder.buildCandidateContext(); MatchingService.selectStrategy(); MatchScoringStrategy.score(); MatchingService.explainMatch(); JobRepository.saveMatch(),SD04,Strategy,Tier 1
F09,Agent Batch Triage & Shortlist,AI (agent),UC08,TriageTrigger; AgentController; Planner; PlaybookLibrary; Reasoner; ToolManager; AgentCommand; MatchJobCommand; AnalyzeJobCommand; RankJobsCommand; MemoryManager; AgentRun,TriageTrigger.handle(); AgentController.runGoal(); Planner.createPlan(); ToolManager.execute(); AgentCommand.execute(); Reasoner.evaluate(); Planner.replan(); MatchingService.rankJobs(); MemoryManager.remember(),SD05,Command; Observer; Strategy,Tier 2
F10,Tailored Resume Generation with Fabrication Guard,AI/Hybrid,UC09,DocumentGenerator; ResumeGenerator; ContextBuilder; LLMClient; FabricationGuard; VerificationReport; DocumentRenderer; StorageService; DocumentRepository,DocumentGenerator.generate(); ResumeGenerator.buildPromptVariables(); FabricationGuard.check(); ResumeGenerator.render(); DocumentRenderer.renderDocx(); DocumentRenderer.renderPdf(),SD06,Template Method; Facade,Tier 1
F11,Tailored Cover Letter Generation,AI/Hybrid,UC09,DocumentGenerator; CoverLetterGenerator; FabricationGuard; LLMClient; DocumentRenderer,DocumentGenerator.generate(); CoverLetterGenerator.buildPromptVariables(); CoverLetterGenerator.render(); FabricationGuard.check(),SD06,Template Method; Facade,Tier 2
F12,Application Package Builder & ZIP Export,Deterministic,UC10,ApplicationTrackerPage; DocumentAPI; DocumentService; PackageAssembler; ApplicationPackage; StorageService; DocumentRepository; ApplicationService,ApplicationTrackerPage.generatePackage(); DocumentService.requestPackage(); PackageAssembler.buildPackage(); DocumentRepository.savePackage(); StorageService.getSignedUrl(); DocumentService.getDownloadUrl(),SD06,Template Method (uses); Command (BuildPackageCommand),Tier 1
F13,Application Lifecycle Tracking & Undo,Deterministic,UC11,ApplicationTrackerPage; ApplicationAPI; ApplicationService; Application; ApplicationState; AppliedState; StatusChange; ApplicationRepository; DomainEventBus,ApplicationService.createApplication(); ApplicationService.transition(); Application.submit(); ApplicationState.submit(); Application.setState(); ApplicationService.undoTransition(); StatusChange.revert(),SD07,State; Observer,Tier 1
F14,Email Monitoring & Application Event Detection,Hybrid,UC12; UC13; UC14,SettingsPage; EmailAPI; EmailSyncService; EmailProviderAdapter; GmailAdapter; EmlFileAdapter; MockEmailAdapter; CredentialVault; EmailNormalizer; EmailEventDetector; HybridClassifier; RuleBasedClassifier; LLMClassifier; ApplicationMatcher; DetectedEmailEvent,EmailSyncService.completeConnect(); GmailAdapter.exchangeAuthCode(); CredentialVault.encrypt(); EmailSyncService.syncAccount(); GmailAdapter.fetchNewMessages(); EmailEventDetector.detect(); HybridClassifier.classify(); ApplicationMatcher.match(); DetectedEmailEvent.requiresReview(); EmailSyncService.confirmEvent(),SD08; SD09,Adapter; Strategy,Tier 1 (EML/mock) / Tier 2 (Gmail OAuth)
F15,Event-Driven Updates Reminders & Notifications,Deterministic,UC13; UC15,DomainEventBus; EventListener; ApplicationStatusUpdater; InterviewScheduler; NotificationService; MemoryRecorder; ReminderService; Notification,DomainEventBus.publish(); DomainEventBus.subscribe(); ApplicationStatusUpdater.handle(); InterviewScheduler.handle(); ApplicationService.addInterview(); NotificationService.notify(); ReminderService.scanDeadlines(),SD09,Observer; State; Command (undo),Tier 2
F16,Goal-Driven Agent Workspace,AI (agent),UC16,AgentWorkspacePage; AgentAPI; AgentController; Planner; PlaybookLibrary; Reasoner; ToolManager; ApprovalPolicy; AgentCommand; UpdateApplicationStatusCommand; MemoryManager; ContextBuilder; AgentRun; AgentActionRecord,AgentWorkspacePage.submitGoal(); AgentAPI.startRun(); AgentController.runGoal(); Planner.createPlan(); ApprovalPolicy.requiresApproval(); AgentRun.awaitApproval(); AgentController.resumeRun(); ToolManager.execute(); Reasoner.evaluate(); ToolManager.undo(); MemoryManager.recall(),SD10,Command; Facade,Tier 1
F17,Interview Preparation Plan,AI,UC17,InterviewPrepPage; InterviewAPI; InterviewPrepService; InterviewPrepPlan; PrepQuestion; ContextBuilder; FabricationGuard; LLMClient,InterviewPrepPage.preparePlan(); InterviewAPI.preparePlan(); InterviewPrepService.preparePlan(); ContextBuilder.buildCandidateContext(); FabricationGuard.check(),SD11,Facade; Observer (auto-trigger from InterviewScheduler),Tier 2
F18,AI Mock Interview & Feedback,AI,UC18,InterviewPrepPage; InterviewAPI; MockInterviewService; MockInterviewSession; InterviewTurn; LLMClient; MemoryManager,MockInterviewService.startSession(); MockInterviewService.submitAnswer(); MockInterviewSession.addTurn(); MockInterviewService.finishSession(); MemoryManager.remember(),SD11,Facade,Tier 3
F19,Outcome Analytics & Adaptive Strategy,Hybrid,UC19,InsightsPage; AnalyticsAPI; AnalyticsService; OutcomeAnalyzer; OutcomeStats; StrategyAdvisor; StrategyAdjustment; StrategyWeights; MemoryManager,AnalyticsService.getInsights(); OutcomeAnalyzer.computeStats(); StrategyAdvisor.proposeAdjustments(); AnalyticsService.acceptAdjustment(); StrategyAdjustment.accept(); StrategyWeights.applyAdjustment(); MemoryManager.remember(),SD12,Strategy; Observer (MemoryRecorder feeds data),Tier 2
